timestamp,referrer,count,uniques
2025-03-27 00:00:00.000000,github.com,46,3
2025-03-27 00:00:00.000000,Bing,15,3
2025-03-27 00:00:00.000000,DuckDuckGo,5,2
2025-03-27 00:00:00.000000,oxxpeh.github.io,4,1
2025-04-12 08:45:45.021855,DuckDuckGo,2,1
2025-04-20 18:15:40.294192,Bing,5,1
2025-04-20 18:15:40.294192,github.com,2,2
2025-04-20 18:15:40.294192,oxxpeh.github.io,1,1
2025-04-20 18:15:40.294192,oxxpeh.hatenablog.com,1,1
2025-04-27 14:49:01.093685,github.com,11,2
2025-04-27 14:49:01.093685,oxxpeh.github.io,1,1
2025-04-27 14:49:01.093685,oxxpeh.hatenablog.com,1,1
2025-05-04 16:57:41.930038,github.com,9,1
2025-05-11 17:16:54.455732,github.com,5,2
