timestamp,count,uniques
2025-03-15 00:00:00+00:00,69,2
2025-03-16 00:00:00+00:00,23,2
2025-03-17 00:00:00+00:00,14,2
2025-03-18 00:00:00+00:00,25,2
2025-03-19 00:00:00+00:00,11,2
2025-03-23 00:00:00+00:00,8,1
2025-03-25 00:00:00+00:00,4,2
2025-03-26 00:00:00+00:00,6,2
2025-03-30 00:00:00+00:00,3,1
2025-03-31 00:00:00+00:00,1,1
2025-04-05 00:00:00+00:00,1,1
2025-04-12 00:00:00+00:00,9,1
2025-04-13 00:00:00+00:00,88,2
2025-04-17 00:00:00+00:00,3,2
2025-04-18 00:00:00+00:00,117,1
2025-04-19 00:00:00+00:00,20,2
2025-04-13 00:00:00+00:00,88,2
2025-04-17 00:00:00+00:00,3,2
2025-04-18 00:00:00+00:00,117,1
2025-04-19 00:00:00+00:00,20,2
2025-04-20 00:00:00+00:00,22,1
2025-04-21 00:00:00+00:00,7,1
2025-04-22 00:00:00+00:00,11,1
2025-04-23 00:00:00+00:00,1,1
2025-04-24 00:00:00+00:00,4,1
2025-04-25 00:00:00+00:00,1,1
2025-04-26 00:00:00+00:00,22,1
2025-04-20 00:00:00+00:00,20,1
2025-04-21 00:00:00+00:00,7,1
2025-04-22 00:00:00+00:00,11,1
2025-04-23 00:00:00+00:00,1,1
2025-04-24 00:00:00+00:00,4,1
2025-04-25 00:00:00+00:00,1,1
2025-04-26 00:00:00+00:00,22,1
2025-04-27 00:00:00+00:00,51,3
2025-04-28 00:00:00+00:00,5,1
2025-04-29 00:00:00+00:00,12,1
2025-04-30 00:00:00+00:00,10,1
2025-05-03 00:00:00+00:00,19,1
2025-04-27 00:00:00+00:00,14,1
2025-04-28 00:00:00+00:00,5,1
2025-04-29 00:00:00+00:00,12,1
2025-04-30 00:00:00+00:00,10,1
2025-05-03 00:00:00+00:00,19,1
2025-05-04 00:00:00+00:00,91,2
2025-05-05 00:00:00+00:00,48,1
2025-05-06 00:00:00+00:00,21,1
2025-05-07 00:00:00+00:00,1,1
2025-05-08 00:00:00+00:00,1,1
2025-05-04 00:00:00+00:00,3,1
2025-05-05 00:00:00+00:00,48,1
2025-05-06 00:00:00+00:00,21,1
2025-05-07 00:00:00+00:00,1,1
2025-05-08 00:00:00+00:00,1,1
2025-05-10 00:00:00+00:00,7,1
2025-05-11 00:00:00+00:00,46,1
2025-05-13 00:00:00+00:00,19,1
2025-05-15 00:00:00+00:00,20,1
2025-05-16 00:00:00+00:00,3,1
2025-05-11 00:00:00+00:00,45,1
2025-05-13 00:00:00+00:00,19,1
2025-05-15 00:00:00+00:00,20,1
2025-05-16 00:00:00+00:00,3,1
2025-05-17 00:00:00+00:00,24,1
2025-05-18 00:00:00+00:00,13,1
2025-05-19 00:00:00+00:00,5,1
2025-05-20 00:00:00+00:00,14,1
2025-05-18 00:00:00+00:00,2,1
2025-05-19 00:00:00+00:00,5,1
2025-05-20 00:00:00+00:00,14,1
2025-05-24 00:00:00+00:00,72,1
2025-05-25 00:00:00+00:00,16,1
2025-05-26 00:00:00+00:00,9,1
